Link Name,Center of Mass X,Center of Mass Y,Center of Mass Z,Center of Mass Roll,Center of Mass Pitch,Center of Mass Yaw,Mass,Moment Ixx,Moment Ixy,Moment Ixz,Moment Iyy,Moment Iyz,Moment Izz,Visual X,Visual Y,Visual Z,Visual Roll,Visual Pitch,Visual Yaw,Mesh Filename,Color Red,Color Green,Color Blue,Color Alpha,Collision X,Collision Y,Collision Z,Collision Roll,Collision Pitch,Collision Yaw,Collision Mesh Filename,Material Name,SW Components,Coordinate System,Axis Name,Joint Name,Joint Type,Joint Origin X,Joint Origin Y,Joint Origin Z,Joint Origin Roll,Joint Origin Pitch,Joint Origin Yaw,Parent,Joint Axis X,Joint Axis Y,Joint Axis Z,Limit Effort,Limit Velocity,Limit Lower,Limit Upper,Calibration rising,Calibration falling,Dynamics Damping,Dynamics Friction,Safety Soft Upper,Safety Soft Lower,Safety K Position,Safety K Velocity
base_link,0.0341048176202521,-0.0854022801942358,0.112184795428881,0,0,0,0.770945367382026,0.00273358105534265,-2.07339807416304E-06,-3.6504790706455E-06,0.00513194515572194,-7.3744966419124E-05,0.00619154781631375,0,0,0,0,0,0,package://urdf march 14 5 pm/meshes/base_link.STL,0.792156862745098,0.819607843137255,0.933333333333333,1,0,0,0,0,0,0,package://urdf march 14 5 pm/meshes/base_link.STL,,mid portion 2-1,Origin_global,,,,0,0,0,0,0,0,,0,0,0,,,,,,,,,,,,
arm right,0.147693755620292,-0.0307034723234414,-0.0458663364363569,0,0,0,0.926238295178665,0.0032671185422839,0.00345556365717496,-0.000184383716541316,0.0199402950095604,3.84408530599079E-05,0.0200980418876309,0,0,0,0,0,0,package://urdf march 14 5 pm/meshes/arm right.STL,0.792156862745098,0.819607843137255,0.933333333333333,1,0,0,0,0,0,0,package://urdf march 14 5 pm/meshes/arm right.STL,,arm right.step-1,Origin_pitch1_1,Axis7,pitch1_1,revolute,0.129094368056422,-0.0605160670373923,0.114827219918103,-1.5707963267949,0.155376521193421,0,base_link,0,0,-1,0,0,0,0,,,,,,,,
wheel2_1,0.047760700796397,-0.000473376384485746,-0.0632795010326599,0,0,0,0.14809674935793,0.000102379878238783,-1.22197314763427E-05,-1.68025630456076E-06,0.000187907888373725,1.19957588949106E-05,0.000102317709183706,0,0,0,0,0,0,package://urdf march 14 5 pm/meshes/wheel2_1.STL,0.792156862745098,0.819607843137255,0.933333333333333,1,0,0,0,0,0,0,package://urdf march 14 5 pm/meshes/wheel2_1.STL,,omniwheel small-1,Origin_roll2_1,Axis9,roll2_1,revolute,0.398300525253841,-0.00732850455591963,-0.059842422751485,3.14159265358979,0.7761492821391,-1.5707963267949,arm right,0.137448148765483,-0.981275802189932,-0.134928894005126,0,0,0,0,,,,,,,,
arm left,0.0837032855426187,0.127701563962862,-0.0854762273206825,0,0,0,0.934896875307156,0.0156201593013683,-0.00836153097743561,-0.000111612538948277,0.00800502818283903,-0.00017056045782221,0.0204248713539629,0,0,0,0,0,0,package://urdf march 14 5 pm/meshes/arm left.STL,0.792156862745098,0.819607843137255,0.933333333333333,1,0,0,0,0,0,0,package://urdf march 14 5 pm/meshes/arm left.STL,,arm left2.step-2,Origin_pitch1_2,Axis8,pitch1_2,revolute,-0.0609056319435783,-0.032516092037392,0.114827219918103,1.5707963267949,0.963061067969326,-3.14159265358979,base_link,0,0,-1,0,0,0,0,,,,,,,,
wheel2_2,-0.295787810575174,0.104773090790362,0.181203468170097,0,0,0,0.148096749357929,0.00014740423663835,3.50759667167694E-05,-2.86310746498393E-05,0.000126993219737585,-2.14879944042932E-05,0.000118208019420278,0,0,0,0,0,0,package://urdf march 14 5 pm/meshes/wheel2_2.STL,0.792156862745098,0.819607843137255,0.933333333333333,1,0,0,0,0,0,0,package://urdf march 14 5 pm/meshes/wheel2_2.STL,,omniwheel small-2,Origin_roll2_2,Axis5,roll2_2,revolute,0.330776432232011,-0.0073285045559196,-0.0878423977514851,3.14159265358979,0.549642206871802,-1.5707963267949,arm left,-0.718223926858589,-0.539036410966623,0.439993339199641,0,0,0,0,,,,,,,,
camera link,0.0750000000000005,0.00740660654895053,-0.375458448797212,0,0,0,0.0698816348006092,0.000124456436337246,5.54148528710524E-19,1.15304684072782E-19,0.000286322250421284,5.67768286071316E-05,0.000324063844446407,0,0,0,0,0,0,package://urdf march 14 5 pm/meshes/camera link.STL,0.792156862745098,0.819607843137255,0.933333333333333,1,0,0,0,0,0,0,package://urdf march 14 5 pm/meshes/camera link.STL,,camera mount-1,Origin_pitch3_1,Axis4,pitch3_1,revolute,0.349275314195647,0,-0.00950000000000037,1.23269270214181,1.5707963267949,0,arm left,1,0,0,0,0,0,0,,,,,,,,
wheelcentre1,-6.93889390390723E-18,-5.55111512312578E-17,0.00499999999998527,0,0,0,0.162184720741573,0.000219883669596311,5.9292306307801E-21,2.3028350281132E-22,0.000219883669596311,2.26054340074541E-23,0.000436921907036522,0,0,0,0,0,0,package://urdf march 14 5 pm/meshes/wheelcentre1.STL,0.792156862745098,0.819607843137255,0.933333333333333,1,0,0,0,0,0,0,package://urdf march 14 5 pm/meshes/wheelcentre1.STL,,omni wheel big-1,Origin_roll1_1,Axis1,roll1_1,revolute,0.0339714708239965,-0.00951609203739177,0.114827219918101,1.5707963267949,0.0642886543637993,0,base_link,0,0,-1,0,0,0,0,,,,,,,,
wheelcentre2,0,-2.77555756156289E-17,0.00499999999998529,0,0,0,0.162184720741573,0.000219883669596311,6.7762635780344E-21,-5.42049942532151E-23,0.000219883669596311,4.70651748977798E-23,0.000436921907036522,0,0,0,0,0,0,package://urdf march 14 5 pm/meshes/wheelcentre2.STL,0.792156862745098,0.819607843137255,0.933333333333333,1,0,0,0,0,0,0,package://urdf march 14 5 pm/meshes/wheelcentre2.STL,,omni wheel big-2,Origin_roll1_2,Axis1,roll1_2,revolute,0.0339714708239965,-0.191516092037393,0.114827219918102,1.5707963267949,0.130854466309513,0,base_link,0,0,-1,0,0,0,0,,,,,,,,
